Date,Open,High,Low,Close,Volume,FGI,RSI_14,ATR_14,MA_14,cluster_0,cluster_1,cluster_2,cluster_3
2024-05-10,0.46350300312042236,0.46769899129867554,0.4444650113582611,0.4482499957084656,309333437,66.0,41.86940716064055,0.020993070943014964,0.4559822146381651,False,False,True,False
2024-05-11,0.4482499957084656,0.4505470097064972,0.4385429918766022,0.4388760030269623,188484210,53.0,38.726420250196774,0.020561286381312778,0.4539710730314255,True,False,False,False
2024-05-12,0.4388760030269623,0.4425640106201172,0.43525099754333496,0.4376530051231384,158134071,56.0,40.45473470069532,0.01983964443206787,0.45234100094863344,False,False,True,False
2024-05-13,0.4376530051231384,0.4521450102329254,0.42615899443626404,0.43654000759124756,378773938,57.0,41.14168941129343,0.02062828838825226,0.4508535010474069,False,False,True,False
2024-05-14,0.4365440011024475,0.43781399726867676,0.42699798941612244,0.42806899547576904,313435137,66.0,44.17931220745729,0.0189265034028462,0.44994328703199116,False,False,True,False
2024-05-15,0.42806899547576904,0.45458799600601196,0.4267500042915344,0.45298799872398376,357450532,64.0,51.24553273017513,0.018302144748823985,0.4501662871667317,False,False,True,False
2024-05-16,0.45299598574638367,0.46197599172592163,0.4495519995689392,0.4596950113773346,367462393,70.0,50.57152121582511,0.017750571881021773,0.45026721698897226,False,False,True,False
2024-05-17,0.4596959948539734,0.4899449944496155,0.4559740126132965,0.4819999933242798,447612110,74.0,55.28896342148219,0.018359356692859104,0.4512997886964253,False,False,True,False
2024-05-18,0.4819999933242798,0.48551398515701294,0.47655001282691956,0.48240798711776733,240076401,73.0,57.0738402599976,0.01820071041584015,0.4526448590414865,False,False,True,False
2024-05-19,0.48240798711776733,0.48301801085472107,0.46560001373291016,0.467602014541626,250323995,72.0,53.24815257751341,0.01861306812082018,0.45330686015742166,False,False,True,False
2024-05-20,0.467602014541626,0.5017579793930054,0.46221399307250977,0.5017579793930054,541119800,70.0,63.73743876132016,0.01989871050630297,0.4566975725548608,False,False,True,False
2024-05-21,0.5017489790916443,0.5089679956436157,0.4911060035228729,0.4947740137577057,554313310,76.0,65.80597927433273,0.020181781479290554,0.4604762153966086,False,False,True,False
2024-05-22,0.4947740137577057,0.49492400884628296,0.4760960042476654,0.48312699794769287,416480856,76.0,59.082539502100985,0.01942178181239537,0.4626600721052715,False,False,True,False
2024-05-23,0.48313000798225403,0.4876349866390228,0.4485819935798645,0.46533000469207764,612724804,76.0,50.52209088163609,0.02108963898250035,0.46279071484293255,False,False,True,False
2024-05-24,0.46533000469207764,0.46891599893569946,0.4555329978466034,0.4594939947128296,355406774,74.0,53.39193852029395,0.02038599763597761,0.46359385762895855,False,False,True,False
2024-05-25,0.45949798822402954,0.46427100896835327,0.4581339955329895,0.4620720148086548,238476411,76.0,57.29664055798517,0.01996692589351109,0.4652507156133652,False,False,True,False
2024-05-26,0.4620720148086548,0.46236398816108704,0.45642998814582825,0.4583750069141388,225636000,75.0,56.41850283458528,0.019868424960545132,0.4667308585984366,False,False,True,False
2024-05-27,0.4583750069141388,0.4739989936351776,0.45719799399375916,0.46796301007270813,323304261,74.0,59.24755602792068,0.01921235237802778,0.4689753587756838,False,False,True,False
2024-05-28,0.46796301007270813,0.46843698620796204,0.45311498641967773,0.45699000358581543,418594476,72.0,58.38771708555639,0.019534208944865634,0.47104114506925854,False,False,True,False
2024-05-29,0.45699000358581543,0.46310698986053467,0.4509139955043793,0.45099499821662903,350482630,72.0,49.35071668357337,0.018416709133556912,0.47089878789016176,False,False,True,False
2024-05-30,0.45099499821662903,0.4545460045337677,0.4438070058822632,0.44658100605010986,356151973,73.0,45.6628971527281,0.018296352454594204,0.46996207322393146,False,False,True,False
2024-05-31,0.44658100605010986,0.4549570083618164,0.44446098804473877,0.44746100902557373,290913148,73.0,36.6910979084003,0.01661956948893411,0.467495002916881,False,False,True,False
2024-06-01,0.44746100902557373,0.45258399844169617,0.44525399804115295,0.44997501373291016,167918462,72.0,37.70220225129467,0.016502857208251953,0.4651783619608198,False,False,True,False
2024-06-02,0.44997599720954895,0.4532549977302551,0.4424220025539398,0.4464940130710602,253094562,73.0,41.2443990841237,0.016032499926430837,0.4636706475700651,False,False,True,False
2024-06-03,0.446494996547699,0.4623570144176483,0.44444501399993896,0.45703598856925964,317221002,73.0,26.929828364383695,0.01448735807623182,0.46047621965408325,False,False,True,False
2024-06-04,0.4570379853248596,0.46518000960350037,0.4531109929084778,0.46148499846458435,309168258,73.0,32.36643409810061,0.014073574117251806,0.45809843284743174,False,False,True,False
2024-06-05,0.46148499846458435,0.464711993932724,0.45775699615478516,0.46117499470710754,300839736,75.0,36.78450541134356,0.013225502201489039,0.4565304326159613,False,False,True,False
2024-06-06,0.46117499470710754,0.46186500787734985,0.4523389935493469,0.4581019878387451,281512944,78.0,44.71095301067353,0.011116432292120797,0.4560141456978662,False,False,True,False
2024-06-07,0.45809999108314514,0.4884360134601593,0.4344229996204376,0.44964298605918884,864294102,77.0,43.05807864535665,0.014018576060022627,0.4553105022226061,False,False,True,False
2024-06-08,0.4496389925479889,0.4496389925479889,0.4334540069103241,0.43657100200653076,384756660,72.0,34.34502734815807,0.014736573610986983,0.45348900130816866,False,False,True,False
2024-06-09,0.43655601143836975,0.44571900367736816,0.43325701355934143,0.44410601258277893,331925354,75.0,41.63452365560211,0.01520285861832755,0.4524697874273573,False,False,True,False
2024-06-10,0.4441010057926178,0.4500879943370819,0.43602699041366577,0.44046100974082947,477499641,72.0,32.66870151704782,0.01500714463847024,0.4505053588322231,False,False,True,False
2024-06-11,0.4404650032520294,0.44093799591064453,0.41453099250793457,0.4218910038471222,600659902,74.0,29.81400930827587,0.015798930610929216,0.4479982874223164,False,False,True,False
2024-06-12,0.42190098762512207,0.4438050091266632,0.41599300503730774,0.4377959966659546,451504328,72.0,43.18578286759477,0.01691457416330065,0.44705550159726826,False,False,True,False
2024-06-13,0.4378179907798767,0.4386430084705353,0.41975298523902893,0.4211849868297577,385849589,70.0,38.35536544777406,0.017496790204729353,0.44524150022438597,False,False,True,False
2024-06-14,0.42117801308631897,0.4241209924221039,0.4034099876880646,0.41168299317359924,370827765,74.0,34.79704975555197,0.018226431948798045,0.4426859276635306,False,False,True,False
2024-06-15,0.4116860032081604,0.41505101323127747,0.4089049994945526,0.41369500756263733,209246354,74.0,34.51769186804118,0.018141861472811018,0.4400944986513683,False,False,True,False
2024-06-16,0.41372400522232056,0.41812801361083984,0.41010499000549316,0.41637900471687317,172902870,71.0,37.06055477814405,0.01794114921774183,0.4379434266260692,False,False,True,False
2024-06-17,0.41638800501823425,0.4199869930744171,0.393655002117157,0.40175798535346985,385694374,71.0,27.05317691211772,0.018542577113424028,0.4339949978249414,False,False,True,False
2024-06-18,0.40172600746154785,0.40221598744392395,0.36657699942588806,0.3835799992084503,593952964,74.0,20.96932322931238,0.020226146493639265,0.4284303550209318,True,False,False,False
2024-06-19,0.3835650086402893,0.3972490131855011,0.3809620141983032,0.3837909996509552,295424813,64.0,21.142178375571703,0.020892718008586338,0.4229029268026352,True,False,False,False
2024-06-20,0.3837909996509552,0.3967899978160858,0.3790139853954315,0.38424399495124817,286206619,60.0,21.908143710755766,0.021482003586632863,0.4176273558820997,True,False,False,False
2024-06-21,0.3842479884624481,0.39034199714660645,0.37460801005363464,0.37605199217796326,272257203,63.0,21.95273100653334,0.018747787390436445,0.412370856319155,True,False,False,False
2024-06-22,0.37605100870132446,0.3895919919013977,0.37193700671195984,0.38481199741363525,241766850,53.0,29.60301163586584,0.01885250210762024,0.4086737845625196,True,False,False,False
2024-06-23,0.3847939968109131,0.3922950029373169,0.3803029954433441,0.3803029954433441,202392727,55.0,24.242447575904436,0.018818931920187815,0.40411642619541716,True,False,False,False
2024-06-24,0.3802250027656555,0.38089999556541443,0.36666300892829895,0.3777649998664856,385357807,51.0,24.461082489432883,0.01883150211402348,0.39963813977582113,True,False,False,False
2024-06-25,0.37775498628616333,0.39673399925231934,0.3773669898509979,0.3918589949607849,262214296,30.0,37.30362458400351,0.018328645399638584,0.3974929962839399,True,False,False,False
2024-06-26,0.3918609917163849,0.39453399181365967,0.38373300433158875,0.38475000858306885,258516129,46.0,25.772335679428352,0.017113572784832547,0.39370399713516235,True,False,False,False
2024-06-27,0.38475099205970764,0.393204003572464,0.3780690133571625,0.3907009959220886,254822331,40.0,34.575061820513454,0.016845356140817915,0.391526569213186,True,False,False,False
2024-06-28,0.3907090127468109,0.39517098665237427,0.38519200682640076,0.38542601466178894,296816495,47.0,36.12019237434353,0.016078782933098928,0.38965107074805666,True,False,False,False
2024-06-29,0.3854149878025055,0.4020240008831024,0.38379499316215515,0.38396498560905457,230567794,30.0,34.19220973820755,0.016941853931971958,0.3875274977513722,True,False,False,False
2024-06-30,0.3839679956436157,0.3932330012321472,0.3791939914226532,0.392192006111145,194815973,47.0,37.85537259709271,0.0173715672322682,0.3857998549938202,True,False,False,False
2024-07-01,0.39213499426841736,0.4075619876384735,0.3914720118045807,0.40290701389312744,256575826,53.0,50.60049784238189,0.016639994723456248,0.3858819284609386,False,False,True,False
2024-07-02,0.40287700295448303,0.4187830090522766,0.4028500020503998,0.4177750051021576,260819618,51.0,68.51120357977638,0.015232424650873457,0.3883244288819177,False,False,True,False
2024-07-03,0.4177840054035187,0.42190998792648315,0.40129798650741577,0.4067380130290985,391834481,50.0,61.118925107322916,0.015541353396006994,0.38996350126607077,False,False,True,False
2024-07-04,0.40672099590301514,0.4126319885253906,0.36285901069641113,0.36285901069641113,575895856,44.0,42.707095296491595,0.01782685092517308,0.3884360023907253,True,False,False,False
2024-07-05,0.3627130091190338,0.3627130091190338,0.3209550082683563,0.3498849868774414,772752357,29.0,41.358150455872305,0.019696137734821866,0.38656693058354513,True,False,False,False
2024-07-06,0.3499079942703247,0.3729360103607178,0.3485420048236847,0.37122100591659546,288462471,26.0,45.85572358671049,0.020177496331078664,0.38559614547661375,True,False,False,False
2024-07-07,0.37118399143218994,0.37118399143218994,0.345892995595932,0.34661799669265747,254988837,29.0,40.84980161958725,0.02113006796155657,0.38319007413727896,True,False,False,False
2024-07-08,0.3466449975967407,0.3788749873638153,0.3333429992198944,0.3690069913864136,506143395,28.0,47.85256652900449,0.023365425212042674,0.3825645021029881,True,False,False,False
2024-07-09,0.3689649999141693,0.3805429935455322,0.3637779951095581,0.375328004360199,272785226,27.0,45.786029279487344,0.02317956728594644,0.3813837170600891,True,False,False,False
2024-07-10,0.3753710091114044,0.3896229863166809,0.3725129961967468,0.38883501291275024,251166038,28.0,51.00842851126907,0.02363021033150809,0.3816755030836378,True,False,False,False
2024-07-11,0.38880300521850586,0.4041309952735901,0.3856379985809326,0.39581701159477234,313288172,29.0,51.25654881783471,0.02387006793703352,0.38204093277454376,True,False,False,False
2024-07-12,0.3958359956741333,0.4176590144634247,0.3942590057849884,0.4165239930152893,354134954,25.0,57.099797581180155,0.024828712855066572,0.38426221694265095,True,False,False,False
2024-07-13,0.41652700304985046,0.4451799988746643,0.412321001291275,0.441415011882782,365695869,25.0,61.84848929998937,0.02587371213095529,0.3883657902479172,True,False,False,False
2024-07-14,0.4414370059967041,0.44449499249458313,0.42616501450538635,0.43234801292419434,355552828,33.0,58.253176838388875,0.026180209858076915,0.3912340764488493,True,False,False,False
2024-07-15,0.4323689937591553,0.44558200240135193,0.4321660101413727,0.44558200240135193,466472243,52.0,58.68101086957971,0.0259892110313688,0.39428228991372244,False,False,True,False
2024-07-16,0.4454919993877411,0.4521940052509308,0.42738598585128784,0.43818899989128113,485890791,65.0,54.28289490632004,0.026623140488352095,0.39574043239865986,False,False,True,False
2024-07-17,0.43822601437568665,0.4552229940891266,0.4367240071296692,0.4367479979991913,389017769,69.0,56.56030341748596,0.02647221088409424,0.3978840027536665,False,False,True,False
2024-07-18,0.43669000267982483,0.44866400957107544,0.42081400752067566,0.42390599846839905,338163499,61.0,65.44030951820646,0.024906284042767117,0.402244501880237,False,False,True,False
2024-07-19,0.42389801144599915,0.4427649974822998,0.41593098640441895,0.43903398513793945,340393258,60.0,72.3049795154821,0.02382985608918326,0.4086122874702726,False,False,True,False
2024-07-20,0.43903300166130066,0.4416719973087311,0.42881301045417786,0.43763700127601624,250105075,74.0,68.45893876742335,0.023005926183291843,0.4133562871388027,False,False,True,False
2024-07-21,0.43763700127601624,0.4484730064868927,0.41895800828933716,0.44607698917388916,333865949,74.0,80.37120452086648,0.023304996745926992,0.42046050088746206,False,False,True,False
2024-07-22,0.446056991815567,0.44940099120140076,0.42534399032592773,0.42654699087142944,546207226,70.0,67.88289730200755,0.021771069083895003,0.4245705008506775,False,False,True,False
2024-07-23,0.42654699087142944,0.429298996925354,0.4046249985694885,0.41009700298309326,348574391,71.0,60.16584212078268,0.02233599764960153,0.4270540007523128,False,False,True,False
2024-07-24,0.41008898615837097,0.4208729863166809,0.40468600392341614,0.4068470001220703,335809825,69.0,55.60241678624531,0.022270068526268005,0.4283405712672642,False,False,True,False
2024-07-25,0.4068470001220703,0.4078739881515503,0.38282498717308044,0.3946709930896759,359539415,68.0,49.654701267298606,0.022738354546683177,0.42825871280261446,False,False,True,False
2024-07-26,0.3946720063686371,0.41957199573516846,0.3945859968662262,0.41774699091911316,265380415,68.0,50.363306350729935,0.022851639560290744,0.42834606979574474,False,False,True,False
2024-07-27,0.41774600744247437,0.4286850094795227,0.4141010046005249,0.41819798946380615,430162296,72.0,41.93152681992575,0.021546282938548496,0.4266877110515322,False,False,True,False
2024-07-28,0.4181950092315674,0.42028701305389404,0.40560001134872437,0.40738698840141296,261455853,71.0,41.42933480906585,0.021286070346832275,0.4249047807284764,False,False,True,False
2024-07-29,0.40738698840141296,0.42643699049949646,0.40378299355506897,0.404013991355896,328634235,74.0,34.690395608964636,0.021945927824292864,0.4219356370823724,False,False,True,False
2024-07-30,0.40400800108909607,0.40697699785232544,0.3960820138454437,0.40167999267578125,277821308,67.0,36.03316726442807,0.020952139581952776,0.4193278508526938,False,False,True,False
2024-07-31,0.4016770124435425,0.4074009954929352,0.3879599869251251,0.38877299427986145,282132846,61.0,33.12699255219418,0.02101942683969225,0.4159010648727417,True,False,False,False
2024-08-01,0.38877400755882263,0.3950749933719635,0.36999601125717163,0.3927060067653656,348062632,52.0,38.29320953416972,0.020821496844291687,0.4136724940368107,True,False,False,False
2024-08-02,0.3927060067653656,0.39426299929618835,0.3602890074253082,0.36382201313972473,391092412,57.0,24.41977877935163,0.021331495472363064,0.40830021032265257,True,False,False,False
2024-08-03,0.36382201313972473,0.3724839985370636,0.3503499925136566,0.364095002412796,309403901,37.0,24.79504362243084,0.021993996841566905,0.4030472104038511,True,False,False,False
2024-08-04,0.3641059994697571,0.3669930100440979,0.33556899428367615,0.3439379930496216,317908629,34.0,17.59652261784686,0.02213035523891449,0.39575156782354626,True,False,False,False
2024-08-05,0.3439379930496216,0.34546899795532227,0.27988600730895996,0.31315499544143677,1211794401,26.0,16.42385880244987,0.025096497365406582,0.3876521395785468,True,False,False,False
2024-08-06,0.31315600872039795,0.3361400067806244,0.312514990568161,0.3307819962501526,401715322,17.0,26.67685929960031,0.02502157006944929,0.3819867819547653,True,False,False,False
2024-08-07,0.3307819962501526,0.340582013130188,0.31707099080085754,0.3236980140209198,346795316,29.0,26.08860873403239,0.025544715779168264,0.376047568661826,True,False,False,False
2024-08-08,0.32370099425315857,0.3530629873275757,0.32031700015068054,0.35181400179862976,326623648,20.0,38.7104933762835,0.026094500507627214,0.37298635499817984,True,False,False,False
2024-08-09,0.35181400179862976,0.3538700044155121,0.3375079929828644,0.3485470116138458,275869404,48.0,29.647059772254096,0.025478501405034746,0.3680434993335179,True,False,False,False
2024-08-10,0.3485470116138458,0.3517650067806244,0.3452729880809784,0.3462890088558197,155114866,40.0,29.07273952559332,0.024900502392223904,0.36290714357580456,True,False,False,False
2024-08-11,0.34629198908805847,0.3562749922275543,0.32803699374198914,0.32832199335098267,203353395,39.0,27.910236817612514,0.025868430733680725,0.3572596439293453,True,False,False,False
2024-08-12,0.3283190131187439,0.34397798776626587,0.32805201411247253,0.33897700905799866,276146893,25.0,32.539938185521834,0.02538785764149257,0.35261414519378115,True,False,False,False
2024-08-13,0.33897700905799866,0.34465599060058594,0.3318899869918823,0.3401539921760559,208538494,31.0,33.37925539914359,0.025521501898765564,0.3482194308723722,True,False,False,False
2024-08-14,0.340146005153656,0.345194011926651,0.33243700861930847,0.3354550004005432,206602286,30.0,34.92819927256576,0.02504407295158931,0.3444110027381352,True,False,False,False
2024-08-15,0.3354560136795044,0.3413679897785187,0.3214839994907379,0.3253529965877533,243240095,29.0,31.60246065517613,0.024673002106802806,0.3396000734397343,True,False,False,False
2024-08-16,0.3253529965877533,0.3449530005455017,0.3210189938545227,0.3304719924926758,333621595,27.0,39.53126873941822,0.023955860308238437,0.33721792910780224,True,False,False,False
2024-08-17,0.3304719924926758,0.33860400319099426,0.3285149931907654,0.3368859887123108,164578014,25.0,41.776025939599776,0.023095503449440002,0.33527442812919617,True,False,False,False
2024-08-18,0.336887001991272,0.33959800004959106,0.3337959945201874,0.33483099937438965,147715225,31.0,46.909173517975105,0.021265359861510142,0.3346239285809653,True,False,False,False
2024-08-19,0.33483099937438965,0.3375450074672699,0.32884201407432556,0.3367530107498169,205948260,28.0,59.96016527611597,0.01720250291483743,0.33630950110299246,True,False,False,False
2024-08-20,0.3367840051651001,0.3481540083885193,0.3362320065498352,0.34368500113487244,232812455,30.0,55.98653119321338,0.016366573316710337,0.3372311443090439,True,False,False,False
2024-08-21,0.34368500113487244,0.377265989780426,0.3434779942035675,0.3690589964389801,369934783,26.0,67.99225489802046,0.017100642834390913,0.3404712144817625,False,False,True,False
2024-08-22,0.3690600097179413,0.37719398736953735,0.36473900079727173,0.3765360116958618,253221746,39.0,61.72570656056514,0.015651285648345947,0.34223707233156475,False,False,True,False
2024-08-23,0.3765380084514618,0.39228299260139465,0.3742170035839081,0.39153599739074707,360713833,34.0,68.34768318478936,0.015772998332977295,0.345307714172772,False,False,True,False
2024-08-24,0.3915260136127472,0.40117698907852173,0.38848400115966797,0.39400699734687805,259095804,56.0,70.32905866358293,0.01621592470577785,0.3487161419221333,False,False,True,False
2024-08-25,0.3940100073814392,0.3940260112285614,0.378711998462677,0.3849790096282959,271365361,54.0,76.12729368704541,0.015292782868657793,0.3527630716562271,False,False,True,False
2024-08-26,0.38497599959373474,0.3876760005950928,0.3669550120830536,0.36695700883865356,288310031,55.0,62.082014591799464,0.01563528392996107,0.35476164306913105,False,False,True,False
2024-08-27,0.36695200204849243,0.3724910020828247,0.34626901149749756,0.35051101446151733,307613758,48.0,53.95122332795776,0.01659642585686275,0.3555014303752354,False,False,True,False
2024-08-28,0.35051101446151733,0.3601889908313751,0.34202998876571655,0.35019201040267944,316985233,30.0,55.816583966718014,0.01698228291102818,0.3565540739468166,True,False,False,False
2024-08-29,0.35019099712371826,0.36735498905181885,0.34987199306488037,0.35704100131988525,263189476,29.0,62.83663986111497,0.016810783318110874,0.3588175028562546,True,False,False,False
2024-08-30,0.35704898834228516,0.3615800142288208,0.33882299065589905,0.34715399146080017,297382538,34.0,56.506444315446814,0.0167267130953925,0.3600090742111206,True,False,False,False
2024-08-31,0.34715399146080017,0.35011500120162964,0.3450370132923126,0.3453519940376282,120909139,29.0,53.42520359121152,0.016368782946041653,0.3606137888772147,True,False,False,False
2024-09-01,0.3453510105609894,0.34563401341438293,0.3288620114326477,0.33173999190330505,212136963,26.0,48.85637674412552,0.01715235412120819,0.3603930026292801,True,False,False,False
2024-09-02,0.33173999190330505,0.3369620144367218,0.32570499181747437,0.3359679877758026,232651288,26.0,49.714426962101754,0.01733478478022984,0.36033692955970764,True,False,False,False
2024-09-03,0.33596599102020264,0.3394089937210083,0.3185510039329529,0.3185510039329529,228558971,26.0,41.50487945359306,0.017973069633756365,0.3585416440452848,True,False,False,False
2024-09-04,0.3185440003871918,0.3291020095348358,0.30829301476478577,0.32352399826049805,320645799,27.0,32.14747329483886,0.01704599814755576,0.35528914417539326,True,False,False,False
2024-09-05,0.32352399826049805,0.339150995016098,0.3201729953289032,0.32506200671195984,302516707,29.0,28.833301592740497,0.017511927655764987,0.35161242953368593,True,False,False,False
2024-09-06,0.32506200671195984,0.33132100105285645,0.30510398745536804,0.31471800804138184,341107574,22.0,17.153823412475916,0.01809414369719369,0.3461254302944456,True,False,False,False
2024-09-07,0.31471899151802063,0.3276199996471405,0.3147130012512207,0.3250730037689209,171441808,23.0,22.38663140304226,0.018109430159841265,0.3412015736103058,True,False,False,False
2024-09-08,0.3250710070133209,0.3405809998512268,0.3241640031337738,0.33865898847579956,212278974,29.0,32.09895227222678,0.018188214727810452,0.33789300067084177,True,False,False,False
2024-09-09,0.3386540114879608,0.34838199615478516,0.3385140001773834,0.34340599179267883,257206648,26.0,39.857702035207936,0.017413000975336348,0.33621078516755787,True,False,False,False
2024-09-10,0.34340599179267883,0.3454369902610779,0.33787301182746887,0.3434770107269287,186507920,33.0,46.47340538072316,0.016080285821642195,0.33570835632937296,True,False,False,False
2024-09-11,0.3434770107269287,0.3564249873161316,0.33050599694252014,0.3530539870262146,263880950,37.0,51.3130024320734,0.016634570700781687,0.33591278323105406,True,False,False,False
2024-09-12,0.3530539870262146,0.3604629933834076,0.3527800142765045,0.3562929928302765,256108848,31.0,49.64507636252977,0.01593456949506487,0.3358593540532248,True,False,False,False
2024-09-13,0.3562929928302765,0.364547997713089,0.35078200697898865,0.36090001463890076,222228805,32.0,56.866420695848106,0.015292352863720484,0.3368412128516606,True,False,False,False
2024-09-14,0.36090001463890076,0.36175400018692017,0.35256800055503845,0.35447999835014343,160253934,50.0,54.35854029705554,0.015585782272475106,0.3374932131596974,False,False,True,False
2024-09-15,0.35447999835014343,0.3559969961643219,0.3357219994068146,0.3385230004787445,195851407,51.0,53.167883341721634,0.015835996185030256,0.3379777137722288,False,False,True,False
2024-09-16,0.3385240137577057,0.3385460078716278,0.3269670009613037,0.3303059935569763,211465289,39.0,47.45065487112311,0.015858995062964305,0.33757328561374117,True,False,False,False
2024-09-17,0.3303050100803375,0.34283798933029175,0.32889699935913086,0.33391299843788147,209019175,33.0,57.89916963117501,0.015364923647471837,0.33867057093552183,True,False,False,False
2024-09-18,0.33391299843788147,0.3429360091686249,0.3280850052833557,0.3429360091686249,254109953,45.0,59.58257703102662,0.014939352869987488,0.34005714314324514,False,False,True,False
2024-09-19,0.34293898940086365,0.3561669886112213,0.34293898940086365,0.35094499588012695,297282683,49.0,62.00966150440581,0.014528851423944746,0.3419059280838285,False,False,True,False
2024-09-20,0.35094600915908813,0.36093100905418396,0.3495199978351593,0.3521139919757843,245398498,54.0,68.96655341359902,0.01347127982548305,0.34457706979342867,False,False,True,False
2024-09-21,0.3521130084991455,0.3595559895038605,0.35107800364494324,0.3585759997367859,155658003,54.0,67.6906899686023,0.013154921787125724,0.3469701409339905,False,False,True,False
2024-09-22,0.35859400033950806,0.3590629994869232,0.343733012676239,0.3517720103263855,176346122,52.0,57.45828951588243,0.013077278222356523,0.34790678535188946,False,False,True,False
2024-09-23,0.3517720103263855,0.36522001028060913,0.347137987613678,0.3637309968471527,260276216,50.0,60.683760415974774,0.013663994414465768,0.34935857142720905,False,False,True,False
2024-09-24,0.36373499035835266,0.39121800661087036,0.3589720129966736,0.38773301243782043,329591997,54.0,68.58683317967228,0.015426995498793466,0.35251971440655844,False,False,True,False
2024-09-25,0.38773199915885925,0.39298200607299805,0.379393994808197,0.38108301162719727,280504960,59.0,62.068466396852564,0.014546211276735579,0.35452178759234293,False,False,True,False
2024-09-26,0.38108301162719727,0.4033229947090149,0.37877199053764343,0.40188199281692505,352325723,50.0,67.05090035612972,0.015751070209911892,0.3577781447342464,False,False,True,False
2024-09-27,0.40188100934028625,0.414669007062912,0.4004409909248352,0.4023280143737793,316360073,61.0,65.99240009157626,0.01578407202448164,0.360737287572452,False,False,True,False
2024-09-28,0.40232399106025696,0.40563899278640747,0.39357998967170715,0.40105199813842773,205321418,64.0,68.72165599097735,0.01598928655896868,0.3640638589859009,False,False,True,False
2024-09-29,0.40105101466178894,0.4039500057697296,0.39362600445747375,0.39759698510169983,190459764,63.0,76.40106403722532,0.015278501170022147,0.36828342931611197,False,False,True,False
2024-09-30,0.397599995136261,0.3976210057735443,0.37182900309562683,0.3732140064239502,278179362,61.0,66.75518172702822,0.016293715153421675,0.37134828737803866,False,False,True,False
2024-10-01,0.3732140064239502,0.38567501306533813,0.3473309874534607,0.3524410128593445,440800413,50.0,56.379730972517045,0.018036789127758572,0.37267171697957174,False,False,True,False
2024-10-02,0.3524419963359833,0.36212098598480225,0.3366270065307617,0.3440049886703491,346156714,42.0,50.36957448601749,0.018797001668385098,0.3727480726582663,True,False,False,False
2024-10-03,0.34398800134658813,0.349249005317688,0.33325499296188354,0.34523698687553406,314859654,37.0,47.92957065905354,0.01899436116218567,0.37234035772936686,True,False,False,False
2024-10-04,0.34523698687553406,0.35560500621795654,0.34338098764419556,0.3513979911804199,229796454,41.0,49.74936619117356,0.019052433116095408,0.3722892148154123,True,False,False,False
2024-10-05,0.3513979911804199,0.3554779887199402,0.34598198533058167,0.35071998834609985,149913415,49.0,47.13397277967805,0.01912514865398407,0.37172807114464895,False,False,True,False
2024-10-06,0.35071998834609985,0.3582029938697815,0.34835299849510193,0.357230007648468,151061108,50.0,51.995464714247795,0.018733720694269453,0.3721179280962263,False,False,True,False
2024-10-07,0.357230007648468,0.3676770031452179,0.35105401277542114,0.3514670133590698,260641174,50.0,45.303461330658756,0.018629504101616994,0.3712419292756489,False,False,True,False
2024-10-08,0.3514670133590698,0.3565419912338257,0.3416210114955902,0.3445169925689697,225110180,49.0,30.964129957916242,0.0173920031104769,0.36815507071358816,True,False,False,False
2024-10-09,0.3445169925689697,0.3475230038166046,0.3345009982585907,0.3397020101547241,220051874,49.0,31.47291621077801,0.01735157413142068,0.3651992848941258,True,False,False,False
2024-10-10,0.33969399333000183,0.3411659896373749,0.33207398653030396,0.3388899862766266,208411029,39.0,15.649502422959813,0.016247359769684926,0.36069985585553305,True,False,False,False
2024-10-11,0.3388940095901489,0.35458898544311523,0.3385719954967499,0.35118499398231506,192684098,32.0,25.302552101997733,0.01637514361313411,0.35704678297042847,True,False,False,False
2024-10-12,0.35118401050567627,0.356130987405777,0.35118401050567627,0.3532150089740753,153558913,49.0,27.066076676777655,0.01586714174066271,0.35362985517297474,True,False,False,False
2024-10-13,0.3532150089740753,0.3588539958000183,0.34465301036834717,0.34803399443626404,185274283,50.0,26.625438169904513,0.016144069177763804,0.350089641554015,True,False,False,False
2024-10-14,0.3480350077152252,0.36484599113464355,0.3428879976272583,0.36388900876045227,285258532,48.0,45.21751411306778,0.015870211379868642,0.3494235702923366,True,False,False,False
2024-10-15,0.36388999223709106,0.3694489896297455,0.34905698895454407,0.3585270047187805,399757771,65.0,53.70734803307878,0.014587923884391785,0.34985828399658203,False,False,True,False
2024-10-16,0.3585270047187805,0.3603920042514801,0.3514159917831421,0.352524995803833,268878089,73.0,55.34866491049512,0.013408069099698747,0.350466855934688,False,False,True,False
2024-10-17,0.352526992559433,0.35455799102783203,0.3403419852256775,0.34303200244903564,284797891,71.0,48.74584403084681,0.013281068631580897,0.350309357047081,False,False,True,False
2024-10-18,0.3430269956588745,0.35251501202583313,0.3429099917411804,0.3507100045681,210521099,73.0,49.61532372961849,0.01309399732521602,0.350260215146201,False,False,True,False
2024-10-19,0.3507089912891388,0.3566330075263977,0.34964901208877563,0.35166099667549133,165288317,72.0,50.5245478422519,0.012914568185806274,0.35032743002687183,False,False,True,False
2024-10-20,0.35166001319885254,0.36514800786972046,0.34862300753593445,0.3648410141468048,202078470,73.0,53.94896557738679,0.013391354254313878,0.3508710733481816,False,False,True,False
2024-10-21,0.3648419976234436,0.37190499901771545,0.35349899530410767,0.36095601320266724,305820736,72.0,55.02121413215717,0.01351871235030038,0.3515488590512957,False,False,True,False
2024-10-22,0.3609580099582672,0.36726799607276917,0.3558659851551056,0.36381998658180237,299403395,70.0,60.676074520434504,0.013267357434545244,0.3529276443379266,False,False,True,False
2024-10-23,0.36381998658180237,0.3682210147380829,0.34332698583602905,0.34861400723457336,292449176,71.0,54.420894554161386,0.014115359101976668,0.35356421555791584,False,False,True,False
2024-10-24,0.34990501403808594,0.3543640077114105,0.34019601345062256,0.34630998969078064,268150393,69.0,53.627085063298516,0.01447792989867074,0.35409421580178396,False,False,True,False
2024-10-25,0.3463220000267029,0.3464919924736023,0.3204750120639801,0.3244119882583618,429399149,72.0,38.03591172214376,0.015192214931760515,0.35218185825007303,False,False,True,False
2024-10-27,0.3333509862422943,0.3413800001144409,0.3313559889793396,0.33987200260162354,153581313,74.0,46.60307707726034,0.015420932854924883,0.3501799298184259,False,False,True,False
2024-10-28,0.33987200260162354,0.3469580113887787,0.3312300145626068,0.3437960147857666,268428861,72.0,40.71548477274448,0.01497593309198107,0.34874471596309115,False,False,True,False
2024-10-29,0.34379398822784424,0.3561910092830658,0.3432460129261017,0.35565099120140076,295107515,72.0,48.746288675142445,0.014444004212106978,0.34853928642613546,False,False,True,False
2024-10-30,0.3556550145149231,0.3630259931087494,0.35130399465560913,0.35526400804519653,291553538,77.0,51.25544903073095,0.014640146068164281,0.34873493015766144,False,False,True,False
2024-10-31,0.3552649915218353,0.36055201292037964,0.3410939872264862,0.34184500575065613,280824333,77.0,49.47483121788156,0.015014576060431344,0.34865014467920574,False,False,True,False
2024-11-01,0.3418459892272949,0.3610070049762726,0.3354179859161377,0.3570899963378906,368246241,75.0,52.64558784455965,0.01615629025868007,0.34910585837704794,False,False,True,False
2024-11-02,0.3570930063724518,0.362870991230011,0.3463039994239807,0.3477709889411926,236242981,72.0,48.49161337173357,0.016840789999280657,0.3488280006817409,False,False,True,False
2024-11-03,0.3477639853954315,0.34791100025177,0.3292360007762909,0.3342849910259247,282268957,74.0,38.17966712289853,0.01699436136654445,0.34664542760167805,False,False,True,False
2024-11-04,0.3342849910259247,0.3360849916934967,0.3213990032672882,0.3260189890861511,261938084,70.0,36.9279911721244,0.016728645988873074,0.34414992587906973,False,False,True,False
2024-11-05,0.3260270059108734,0.3378939926624298,0.3260129988193512,0.33392399549484253,241884463,70.0,39.22076487488951,0.016762859054974148,0.3420144979442869,False,False,True,False
2024-11-06,0.3339259922504425,0.36503198742866516,0.33392098546028137,0.36332300305366516,628391576,70.0,54.81104292421325,0.017206928559712002,0.34306514050279346,False,False,True,False
2024-11-07,0.36332300305366516,0.40501299500465393,0.36203300952911377,0.40501299500465393,621558993,77.0,65.2671238610187,0.019264927932194302,0.34725821231092724,False,False,True,False
2024-11-08,0.40501299500465393,0.45788899064064026,0.4047589898109436,0.4438149929046631,1438657272,75.0,78.54387142811547,0.021201572247913907,0.35578699835709165,False,False,True,False
2024-11-09,0.44381698966026306,0.4938949942588806,0.42896899580955505,0.4936800003051758,721697726,75.0,82.05523113711543,0.024958714842796326,0.36723914103848593,False,False,True,False
2024-11-10,0.4936780035495758,0.652301013469696,0.4899370074272156,0.5903090238571167,5261440714,78.0,86.80829539174883,0.03584014305046627,0.3851274996995926,False,False,True,False
2024-11-11,0.590304970741272,0.6222490072250366,0.5678070187568665,0.6138079762458801,2987552596,76.0,87.52605879085223,0.03860542816775186,0.40441406837531496,False,False,True,False
2024-11-12,0.6138079762458801,0.64963299036026,0.5582119822502136,0.5739179849624634,2901745029,80.0,78.14162615607633,0.044210857578686306,0.4200045679296766,False,False,True,False
2024-11-13,0.573943018913269,0.605301022529602,0.5213019847869873,0.5787749886512756,2297021923,84.0,78.48935948757182,0.049373503242220194,0.43596963797296795,False,False,True,False
2024-11-14,0.5787749886512756,0.5980579853057861,0.5458620190620422,0.5801159739494324,1494813121,88.0,81.3355308968086,0.05171192756720951,0.4529889928443091,False,False,True,False
2024-11-15,0.5801370143890381,0.6892160177230835,0.5785419940948486,0.6740599870681763,3850451584,80.0,84.53644857142486,0.057789427893502374,0.475629706467901,False,False,True,False
2024-11-16,0.7033979892730713,0.8116559982299805,0.7033159732818604,0.7387340068817139,5486835963,86.0,88.01315494064247,0.06643435784748622,0.5035556363207954,False,False,True,False
2024-11-17,0.7387310266494751,0.7678120136260986,0.6970270276069641,0.7023249864578247,2319881888,90.0,84.25730959111894,0.07015649974346161,0.5298442074230739,False,False,True,False
2024-11-18,0.702301025390625,0.7796580195426941,0.7022619843482971,0.7345799803733826,2244334039,83.0,86.40331711540884,0.07463578879833221,0.5590271353721619,False,False,True,False
2024-11-19,0.7345799803733826,0.7635290026664734,0.7238579988479614,0.7396420240402222,1551275089,90.0,86.33408238228955,0.07662078951086317,0.5880069945539746,False,False,True,False
2024-11-20,0.739637017250061,0.8466290235519409,0.739471971988678,0.8003450036048889,3799019828,83.0,87.05963016755908,0.08205265019621168,0.619222851736205,False,False,True,False
2024-11-21,0.8003420233726501,0.8205469846725464,0.7703859806060791,0.8204740285873413,2536610264,82.0,86.56847192779313,0.08256558009556361,0.6488986398492541,False,False,True,False
2024-11-22,0.8204860091209412,1.0384249687194824,0.8152329921722412,1.010422945022583,6204396570,94.0,89.39121554839546,0.09471286407538823,0.6893706364291055,False,True,False,False
2024-11-23,1.0104219913482666,1.1416820287704468,1.0104169845581055,1.066236972808838,6544939547,93.0,89.47824780401776,0.09945136734417506,0.73026756303651,False,True,False,False
2024-11-24,1.0662000179290771,1.094539999961853,0.9483410120010376,1.0231059789657593,3863056160,80.0,82.21860092892297,0.0982967231954847,0.7611816312585559,False,False,False,True
2024-11-25,1.0231120586395264,1.0699199438095093,0.9335500001907349,0.9456890225410461,3241380612,82.0,72.87021051614671,0.10414871999195643,0.7848874202796391,False,False,False,True
2024-11-26,0.945684015750885,0.9883769750595093,0.8797209858894348,0.9612320065498352,2875634851,79.0,77.6168408876998,0.10537979006767273,0.8125527075358799,False,False,False,True
2024-11-27,0.961184024810791,1.03671395778656,0.9354379773139954,1.0133459568023682,2606240084,75.0,79.03004206333223,0.1066138574055263,0.8435934909752437,False,False,False,True
2024-11-28,1.0133479833602905,1.0457689762115479,0.9770380258560181,1.0335079431533813,1563014326,77.0,79.54440744871326,0.10779492769922529,0.8759786316326686,False,False,True,False
2024-11-29,1.0335079431533813,1.0977959632873535,1.0304570198059082,1.0768580436706543,2218813144,78.0,78.10041256002779,0.10469956483159747,0.9047499213899884,False,False,False,True
2024-11-30,1.0768870115280151,1.1470849514007568,1.0538409948349,1.0789419412612915,2395901131,84.0,76.00493478243438,0.10153156093188695,0.9290504881313869,False,False,False,True
2024-12-01,1.078935980796814,1.1584930419921875,1.0409859418869019,1.1552519798278809,2300394616,81.0,82.63055133680048,0.10486885479518346,0.961402416229248,False,False,False,True
2024-12-02,1.1552859544754028,1.2306849956512451,1.0615969896316528,1.2017760276794434,5544891690,80.0,82.9804714517603,0.1114182812826974,0.9947735624653953,False,True,False,False
2024-12-03,1.2017910480499268,1.318681001663208,1.16982901096344,1.198125958442688,5770098588,76.0,82.43011201673463,0.11921692320278712,1.0275224149227142,False,True,False,False
2024-12-04,1.1980830430984497,1.2401750087738037,1.149204969406128,1.1873199939727783,2838477436,78.0,79.45091539050901,0.11806070804595947,1.0551634856632777,False,False,False,True
2024-12-05,1.1872349977493286,1.238353967666626,1.1262869834899902,1.1847120523452759,3207578224,84.0,78.48004220577366,0.12248256376811437,1.081180487360273,False,False,False,True
2024-12-06,1.1631560325622559,1.2346420288085938,1.1430219411849976,1.2311069965362549,2258465650,72.0,72.25050763501818,0.11308457170213972,1.096943633896964,False,False,False,True
2024-12-07,1.2310810089111328,1.2345750331878662,1.1930210590362549,1.214195966720581,1376386201,75.0,66.18789999569599,0.10667663812637329,1.1075121334620885,False,False,False,True
2024-12-08,1.214480996131897,1.2221519947052002,1.176677942276001,1.1962909698486328,1699042879,79.0,70.05482293877677,0.09948199987411499,1.1198824899537223,False,False,False,True
2024-12-09,1.196295976638794,1.1964149475097656,0.9522050023078918,1.0075490474700928,3280181154,78.0,55.69504545274459,0.10718485713005066,1.12430106316294,False,False,False,True
2024-12-10,1.0075470209121704,1.0361729860305786,0.9149690270423889,1.0201610326766968,3443248478,78.0,55.45464506476455,0.10808114068848747,1.1285102793148585,False,False,False,True
2024-12-11,1.020292043685913,1.1092840433120728,0.9769459962844849,1.0888899564743042,2130336502,74.0,56.78391238953684,0.11029985972813197,1.1339062792914254,False,False,False,True
2024-12-12,1.0888489484786987,1.1767499446868896,1.0772650241851807,1.1250159740447998,2209430802,83.0,57.988453127435825,0.11249657188143049,1.1404425672122411,False,False,False,True
2024-12-13,1.1250059604644775,1.1274850368499756,1.0813519954681396,1.1196019649505615,1325815818,76.0,53.996134951274534,0.11098186458860125,1.1434957044465202,False,False,False,True
2024-12-14,1.1196019649505615,1.1311299800872803,1.0459280014038086,1.0605119466781616,4239229343,83.0,48.44294421139267,0.1104074375970023,1.1421792762620109,False,False,False,True
2024-12-15,1.0605109930038452,1.1070879697799683,1.042631983757019,1.1017080545425415,1008997536,80.0,45.1910222794194,0.10661807230540685,1.138354710170201,False,False,False,True
2024-12-16,1.10166597366333,1.115705966949463,1.052016019821167,1.0788559913635254,1536006595,83.0,38.46981838024971,0.0990896395274571,1.1295747075762068,False,False,False,True
2024-12-17,1.0788459777832031,1.109043002128601,1.0452890396118164,1.0515249967575073,1578564654,87.0,36.83343754282581,0.09301120894295829,1.1191032103129797,False,False,False,True
2024-12-18,1.0515270233154297,1.0579450130462646,0.9683780074119568,0.9684200286865234,1979056656,81.0,32.59980729898676,0.09291099224771772,1.1034674985068185,False,False,False,True
2024-12-19,0.968438982963562,0.9871839880943298,0.853875994682312,0.8855019807815552,2338441189,75.0,28.90884731384756,0.09442820719310216,1.0820953505379813,False,False,False,True
2024-12-20,0.8854889869689941,0.9567130208015442,0.7658889889717102,0.9510110020637512,2803176930,74.0,30.774260491832337,0.10151420320783343,1.0620884937899453,False,False,False,True
2024-12-21,0.9510110020637512,0.9959099888801575,0.8898760080337524,0.9046940207481384,1542881115,73.0,29.58015727968916,0.10611991797174726,1.0399812119347709,False,False,False,True
2024-12-22,0.9046869874000549,0.921684980392456,0.863090991973877,0.8829759955406189,1112000307,73.0,29.432072683853264,0.10705705625670296,1.01760157091277,False,False,False,True
2024-12-23,0.8829839825630188,0.9395459890365601,0.8652269840240479,0.9242460131645203,1295330633,70.0,43.218432679554496,0.09492198910032,1.0116513541766576,False,False,False,True
2024-12-24,0.9242429733276367,0.9477130174636841,0.8928340077400208,0.936460018157959,992442081,73.0,43.18161557648844,0.0901844927242824,1.005672710282462,False,False,False,True
2024-12-25,0.9364650249481201,0.9365509748458862,0.9040979743003845,0.916858971118927,646314883,73.0,34.76688786391857,0.08304984654699053,0.9933847827570779,False,False,False,True
2024-12-26,0.9168540239334106,0.9246339797973633,0.8530790209770203,0.8597850203514099,789160826,79.0,27.35427245874331,0.08105484928403582,0.9744397146361214,False,False,False,True
2024-12-27,0.8597800135612488,0.9113370180130005,0.857433021068573,0.8747680187225342,885820827,74.0,29.43188047710295,0.08160991753850665,0.9569515756198338,False,False,False,True
2024-12-28,0.8747749924659729,0.8950690031051636,0.8678249716758728,0.8878170251846313,538128475,72.0,34.27579568596268,0.07747006416320801,0.9446162240845817,False,False,False,True
2024-12-29,0.8878170251846313,0.9079430103302002,0.8522899746894836,0.8586400151252747,645859774,73.0,27.37294435559967,0.07684128199304853,0.9272542212690625,False,False,False,True
2024-12-30,0.8586410284042358,0.8961949944496155,0.8309829831123352,0.8600170016288757,970303435,65.0,28.779992729210477,0.07695000086511884,0.9116228648594448,False,False,False,True
2024-12-31,0.8600239753723145,0.8722630143165588,0.8417440056800842,0.8437650203704834,677089128,64.0,29.41193217391715,0.07457607558795384,0.8967828665460859,False,False,False,True
2025-01-01,0.8437659740447998,0.9294220209121704,0.8389260172843933,0.9175919890403748,926095054,66.0,44.86881975507373,0.07464243258748736,0.8931522922856467,False,False,False,True
2025-01-02,0.9176539778709412,0.9790819883346558,0.9175969958305359,0.9613450169563293,1199916914,70.0,58.31391578190541,0.06951257586479187,0.8985696520124163,False,False,True,False
2025-01-03,0.9613469839096069,1.1160989999771118,0.9600440263748169,1.0903760194778442,2503146669,74.0,63.40968848598037,0.06702907170568194,0.9085242961134229,False,False,False,True
2025-01-04,1.0903520584106445,1.1079189777374268,1.0588500499725342,1.0714000463485718,1175730814,73.0,66.9312764749547,0.06296013934271676,0.9204318693705967,False,False,True,False
2025-01-05,1.0713969469070435,1.107867956161499,1.055279016494751,1.0934669971466064,1241263862,72.0,71.36309813387543,0.06253120728901454,0.9354669409138816,False,False,True,False
2025-01-06,1.0934640169143677,1.1125869750976562,1.0680979490280151,1.0941239595413208,1303664168,76.0,68.79023388511798,0.06040049450738089,0.9476010799407959,False,False,True,False
2025-01-07,1.0941230058670044,1.1501630544662476,0.9919620156288147,0.9920099973678589,2238100221,78.0,55.12512472217969,0.06778063944407872,0.9515689355986459,False,False,False,True
2025-01-08,0.9920179843902588,1.0212819576263428,0.9135900139808655,0.9480310082435608,1978552965,70.0,52.75217809283498,0.07315484966550555,0.9537955096789769,False,False,False,True
2025-01-09,0.9480230212211609,0.9582769870758057,0.8837609887123108,0.9059900045394897,1351715573,69.0,54.19067874538963,0.0733663524900164,0.9570958656924111,False,False,False,True
2025-01-10,0.9059900045394897,0.9717730283737183,0.9056479930877686,0.9314529895782471,1252358898,50.0,55.04527621547201,0.07423928380012512,0.9611447921821049,False,False,False,True
2025-01-11,0.9314510226249695,1.0129410028457642,0.9164530038833618,0.9945240020751953,888877434,69.0,58.72095662860436,0.07918528148106166,0.9687667191028595,False,False,False,True
2025-01-12,0.9944869875907898,1.034566044807434,0.9636729955673218,0.9685549736022949,1120377628,62.0,59.03049149259688,0.0802738538810185,0.9766177875655038,False,False,False,True
2025-01-13,0.968533992767334,0.9910529851913452,0.889339029788971,0.9447420239448547,1532120555,61.0,56.713415533807805,0.08288113559995379,0.982669574873788,False,False,False,True
2025-01-14,0.9447360038757324,1.0069010257720947,0.940123975276947,0.9949089884757996,1119015701,63.0,61.36544242162057,0.08547099573271615,0.9934655725955963,False,False,False,True
2025-01-15,0.9949110150337219,1.0837650299072266,0.9909840226173401,1.0791540145874023,2210962210,70.0,61.96142897754127,0.08563421028000968,1.0050057172775269,False,False,False,True
2025-01-16,1.0790940523147583,1.13960599899292,1.0301799774169922,1.0900989770889282,2245926187,75.0,60.01917440592506,0.08905821187155587,1.0142024287155695,False,False,False,True
2025-01-17,1.0900930166244507,1.1636749505996704,1.0882200002670288,1.1351219415664673,1819221213,75.0,54.00568844555307,0.08330106735229492,1.0173985660076141,False,False,False,True
2025-01-18,1.1351089477539062,1.143610954284668,1.0526319742202759,1.10207200050354,1614350854,77.0,52.67828814401955,0.08629464251654488,1.0195894198758262,False,False,False,True
2025-01-19,1.1020480394363403,1.1474610567092896,0.9781140089035034,0.991191029548645,2978644563,77.0,42.26842855222088,0.09463450738361903,1.0122839936188288,False,False,False,True
2025-01-20,0.9911689758300781,1.0967010259628296,0.9688519835472107,1.0086439847946167,2754988266,76.0,43.69815348861163,0.1005887942654746,1.0061782811369215,False,False,False,True
2025-01-21,1.0086619853973389,1.0269290208816528,0.9550960063934326,1.004654049873352,1689540931,76.0,51.08983599954379,0.09441964966910225,1.0070814277444566,False,False,False,True
2025-01-22,1.004654049873352,1.0159939527511597,0.9794300198554993,0.9816439747810364,973043309,84.0,53.005877091708435,0.08933907747268677,1.009482353925705,False,False,False,True
2025-01-23,0.9816439747810364,1.0066380500793457,0.9537469744682312,0.9874939918518066,1176052467,75.0,57.79301440072875,0.08779444013323102,1.015304067305156,False,False,False,True
2025-01-24,0.9874609708786011,1.0071090459823608,0.9661970138549805,0.9714940190315247,899623660,75.0,53.89908669560301,0.08599351133619036,1.018164140837533,False,False,False,True
2025-01-25,0.9714999794960022,0.9902070164680481,0.9661849737167358,0.9772719740867615,518321010,75.0,48.109050641387896,0.08081737160682678,1.0169318531240736,False,False,False,True
2025-01-26,0.9772719740867615,0.9992120265960693,0.9548559784889221,0.9548559784889221,558478883,73.0,48.486702490151394,0.0789218715259007,1.0159533534731184,False,False,False,True
2025-01-27,0.954820990562439,0.9568079710006714,0.8687660098075867,0.9329429864883423,1388103697,71.0,48.691092206538656,0.07794530051095146,1.0151105650833674,False,False,False,True
2025-01-28,0.9329519867897034,0.9670730233192444,0.9050549864768982,0.9161149859428406,768281216,72.0,40.56091935113497,0.07760537096432277,1.009482422045299,False,False,False,True
2025-01-29,0.916109025478363,0.9583600163459778,0.9052199721336365,0.9411270022392273,819481985,72.0,30.730491039800526,0.07477387360164098,0.999623349734715,False,False,False,True
2025-01-30,0.9411429762840271,0.9862490296363831,0.9386979937553406,0.9610139727592468,626612172,70.0,32.4178353405823,0.07035423176629203,0.990402992282595,False,False,False,True
2025-01-31,0.9610069990158081,0.9818969964981079,0.9368590116500854,0.9422289729118347,700669655,76.0,21.704358841323895,0.06818159137453352,0.9766249230929783,False,False,False,True
2025-02-01,0.9422289729118347,0.9560539722442627,0.8909400105476379,0.8979439735412598,576044613,68.0,21.011776767234565,0.06633409006255013,0.9620443497385297,False,False,False,True
2025-02-02,0.8979349732398987,0.9097269773483276,0.7710750102996826,0.8017399907112122,1554294076,60.0,21.925765106261196,0.06414158429418292,0.9485121326787131,False,False,False,True
2025-02-03,0.8017529845237732,0.8229950070381165,0.5648369789123535,0.8115590214729309,4694160143,44.0,20.11844404733351,0.07344936898776463,0.9344346352985927,False,False,False,True
2025-02-04,0.8115620017051697,0.81843101978302,0.7190250158309937,0.7463430166244507,1601678503,72.0,16.9681530720851,0.07541886823517936,0.9159838472093854,False,False,False,True
2025-02-05,0.746330976486206,0.7740880250930786,0.7289459705352783,0.7332090139389038,840128547,54.0,17.40784570635269,0.0760315912110465,0.8982384928635189,False,False,False,True
2025-02-06,0.7331269979476929,0.7646530270576477,0.7021329998970032,0.7050619721412659,844784492,49.0,14.995631862566995,0.07671937346458435,0.8780647771699088,True,False,False,False
2025-02-07,0.705053985118866,0.7500200271606445,0.6924769878387451,0.7070930004119873,940384129,44.0,16.054999325831105,0.07790730254990715,0.8591789901256561,True,False,False,False
2025-02-08,0.7070950269699097,0.7148569822311401,0.6847509741783142,0.7018489837646484,553879408,44.0,14.591403879195326,0.07834187150001526,0.8395059193883624,True,False,False,False
2025-02-09,0.7017760276794434,0.7126370072364807,0.6540560126304626,0.6827009916305542,679645670,46.0,14.715050651565605,0.07935793910707746,0.8200662774699075,True,False,False,False
2025-02-10,0.6827729940414429,0.716280996799469,0.66560298204422,0.7106930017471313,751114200,43.0,21.6324004811802,0.07668908579008919,0.804191278559821,True,False,False,False
2025-02-11,0.7107419967651367,0.8159189820289612,0.7107419967651367,0.7793989777565002,1813731044,47.0,34.59052028191442,0.07977536746433803,0.7944258494036538,False,False,False,True
2025-02-12,0.7793949842453003,0.8050739765167236,0.7528030276298523,0.7992240190505981,1231175669,46.0,33.81666201936261,0.07971328922680446,0.7842899220330375,False,False,False,True
2025-02-13,0.799235999584198,0.8269019722938538,0.7720170021057129,0.8107420206069946,840300501,50.0,32.52871646742511,0.08023714167731148,0.7735562111650195,False,False,False,True
2025-02-14,0.8107100129127502,0.8270789980888367,0.7931399941444397,0.8005070090293884,787635175,48.0,33.18854425534238,0.07944435732705253,0.7634332137448447,False,False,False,True
2025-02-15,0.8005139827728271,0.8129389882087708,0.7771999835968018,0.7811099886894226,493874835,50.0,35.271151760977986,0.07734614610671997,0.7550879291125706,True,False,False,False
2025-02-16,0.7811110019683838,0.7868019938468933,0.7647410035133362,0.772005021572113,448477194,54.0,45.19655540825861,0.0690182191984994,0.7529640027454921,False,False,True,False
2025-02-17,0.7720010280609131,0.8269169926643372,0.7718629837036133,0.8080250024795532,1041802036,51.0,49.47366271838989,0.05451078925813947,0.7527115728173938,False,False,True,False
2025-02-18,0.8081070184707642,0.8125380277633667,0.7381849884986877,0.7523630261421204,905917139,47.0,50.922849898348446,0.0527212917804718,0.7531415734972272,False,False,True,False
2025-02-19,0.752364993095398,0.7747200131416321,0.7372490167617798,0.7729430198669434,706077594,44.0,55.955157075658455,0.05217335905347552,0.7559797167778015,False,False,True,False
2025-02-20,0.7729399800300598,0.8104299902915955,0.7717170119285583,0.8044739961624146,688006862,49.0,64.74982140396733,0.05047285556793213,0.763080575636455,False,False,True,False
2025-02-21,0.8044639825820923,0.8169400095939636,0.7521179914474487,0.7613710165023804,951661847,55.0,57.178379458966205,0.05099278262683323,0.7669575767857688,False,False,True,False
2025-02-22,0.7613710165023804,0.7826600074768066,0.7585909962654114,0.7744519710540771,530696926,49.0,59.40689882700665,0.050561568566731045,0.7721435044492994,False,False,True,False
2025-02-23,0.7744510173797607,0.7869970202445984,0.7614660263061523,0.7700409889221191,495111534,50.0,61.76562878886422,0.04820085423333304,0.7783820756844112,False,False,True,False
2025-02-24,0.770039975643158,0.7755889892578125,0.680666983127594,0.6822019815444946,960897545,49.0,46.694875923706114,0.051361139331545146,0.7763470028127942,False,False,True,False
2025-02-25,0.6822119951248169,0.6930379867553711,0.6338109970092773,0.6825820207595825,1317817123,25.0,36.65281976940537,0.04807549715042114,0.769431505884443,True,False,False,False
2025-02-26,0.6825860142707825,0.693576991558075,0.6349819898605347,0.6450380086898804,869010894,21.0,29.73401448288915,0.04852721520832607,0.758418219430106,True,False,False,False
2025-02-27,0.6450530290603638,0.6781089901924133,0.6284220218658447,0.6455850005149841,683537664,10.0,27.647344205609187,0.0481559293610709,0.7466212894235339,True,False,False,False
2025-02-28,0.6455810070037842,0.645609974861145,0.5821880102157593,0.6330509781837463,1102255137,16.0,27.476357537528102,0.050261855125427246,0.7346601443631309,True,False,False,False
2025-03-01,0.6330519914627075,0.674651026725769,0.6267330050468445,0.6592649817466736,585631597,20.0,33.90638998713594,0.05113178491592407,0.7259569295815059,True,False,False,False
2025-03-02,0.6592839956283569,1.134268045425415,0.6461189985275269,1.1295030117034912,7647921820,26.0,71.28765175002994,0.08442378895623344,0.7514925003051758,False,True,False,False
2025-03-03,1.1295260190963745,1.1342129707336426,0.8381940126419067,0.8552640080451965,7028104831,33.0,52.191245722580874,0.10163557103702,0.754866714988436,False,True,False,False
2025-03-04,0.8552619814872742,0.9502570033073425,0.7684890031814575,0.941277027130127,5400303546,15.0,58.523046086687565,0.10930806824139186,0.768360572201865,False,False,False,True
2025-03-05,0.941245973110199,1.0150569677352905,0.919651985168457,0.9753559827804565,3945666181,20.0,59.02217185943469,0.11344621011189052,0.7828186409814017,False,False,False,True
2025-03-06,0.9753640294075012,0.9784650206565857,0.8882910013198853,0.9075520038604736,2621972377,25.0,54.45059132863493,0.11712199875286647,0.7901813558169773,False,False,False,True
2025-03-07,0.9075520038604736,0.9126889705657959,0.8115950226783752,0.8167999982833862,3480876480,34.0,52.2986701021907,0.11971285087721688,0.7941405688013349,False,False,False,True
2025-03-08,0.8167999982833862,0.836214005947113,0.7968320250511169,0.8046919703483582,1184834509,28.0,51.25508205779597,0.12080663442611694,0.7963005687509265,False,False,False,True
2025-03-09,0.8046799898147583,0.8156759738922119,0.7128279805183411,0.7201489806175232,1597453600,27.0,48.05842603284413,0.126329277242933,0.7927368538720267,False,False,False,True
2025-03-10,0.7201489806175232,0.7737690210342407,0.6611070036888123,0.6725969910621643,1891557329,20.0,49.61411702614483,0.12759642090116227,0.7920507831232888,False,False,False,True
2025-03-11,0.6725940108299255,0.7412700057029724,0.6536449790000916,0.722586989402771,1875965762,24.0,51.545599481806484,0.12962485211236136,0.7949082808835166,False,False,False,True
2025-03-12,0.7226340174674988,0.7614730000495911,0.7125800251960754,0.7354440093040466,1355643740,34.0,53.5607772554012,0.12893185019493103,0.801365852355957,False,False,False,True
2025-03-13,0.7354440093040466,0.7383890151977539,0.6925600171089172,0.7022889852523804,1195241317,45.0,52.17744181857424,0.12865628089223588,0.8054161369800568,False,False,False,True
2025-03-14,0.7022870182991028,0.7483530044555664,0.6998530030250549,0.738315999507904,1015277074,27.0,53.97055369139588,0.12759042637688772,0.8129350670746395,False,False,False,True
2025-03-15,0.7383109927177429,0.7584199905395508,0.7331420183181763,0.7482889890670776,720758317,46.0,53.39960148246593,0.12597327998706273,0.8192939247403827,False,False,False,True
2025-03-16,0.7482770085334778,0.748278021812439,0.6990389823913574,0.7057639956474304,807154727,30.0,25.968078461348227,0.09462334854262215,0.7890268521649497,True,False,False,False
2025-03-17,0.7057539820671082,0.7291240096092224,0.705269992351532,0.7180920243263245,756343011,32.0,38.93249572807082,0.07518299562590462,0.7792288533278874,True,False,False,False
2025-03-18,0.7180899977684021,0.7181329727172852,0.6839810013771057,0.702081024646759,697365412,34.0,28.24320035461089,0.0646389935697828,0.7621434245790754,True,False,False,False
2025-03-19,0.7020840048789978,0.7460219860076904,0.7012720108032227,0.7441999912261963,1096739941,32.0,29.27759144855746,0.06102077875818525,0.7456322823251996,True,False,False,False
2025-03-20,0.7442319989204407,0.7522349953651428,0.7135390043258667,0.7175170183181763,850609830,49.0,31.607963822538835,0.05734377673694065,0.7320583547864642,True,False,False,False
2025-03-21,0.7174890041351318,0.7261019945144653,0.7017549872398376,0.7051169872283936,660902108,31.0,37.258682480326314,0.051861852407455444,0.7240809968539647,True,False,False,False
2025-03-22,0.7051200270652771,0.7152050137519836,0.6991220116615295,0.7009410262107849,458125954,32.0,37.94543961196084,0.050197639635631015,0.7166702151298523,True,False,False,False
2025-03-23,0.7009410262107849,0.7151650190353394,0.6932539939880371,0.7095080018043518,585188487,30.0,48.49857633623224,0.04441642761230469,0.7159101452146258,True,False,False,False
2025-03-24,0.7095029950141907,0.7440339922904968,0.7067490220069885,0.7309949994087219,894622894,45.0,58.89405558462478,0.039032352822167535,0.7200814315250942,False,False,True,False
2025-03-25,0.7309960126876831,0.7653399705886841,0.72223299741745,0.745199978351593,1066564498,46.0,53.86529702277286,0.03585249185562134,0.7216966450214386,False,False,True,False
2025-03-26,0.7451930046081543,0.7727810144424438,0.721930980682373,0.7280619740486145,937295461,47.0,48.75637027611492,0.035992281777518134,0.7211693567889077,False,False,True,False
2025-03-27,0.7280769944190979,0.7435969710350037,0.7227590084075928,0.737671971321106,574512540,40.0,56.474497181283475,0.034207207815987725,0.7236967129366738,False,False,True,False
2025-03-28,0.7376729846000671,0.7448449730873108,0.6906650066375732,0.705551028251648,789537387,44.0,43.917608633929675,0.0346129196030753,0.7213563578469413,True,False,False,False
2025-03-29,0.7055490016937256,0.7111859917640686,0.6611850261688232,0.6739220023155212,643130134,26.0,37.222117873863375,0.03637884770120893,0.7160444302218301,True,False,False,False
2025-03-30,0.6739090085029602,0.6867219805717468,0.6520990133285522,0.6607080101966858,489882249,32.0,41.39127376722909,0.03533405917031424,0.7128261455467769,True,False,False,False
2025-03-31,0.6606969833374023,0.6637219786643982,0.6312100291252136,0.6614469885826111,754677195,34.0,38.67546941559527,0.035952482904706685,0.708780071565083,True,False,False,False
2025-04-01,0.6614459753036499,0.6926289796829224,0.6591150164604187,0.6776549816131592,688019564,34.0,45.120565089097695,0.03590691089630127,0.7070353542055402,True,False,False,False
2025-04-02,0.6776480078697205,0.7056289911270142,0.6371780037879944,0.641638994216919,969234908,44.0,28.99999902364631,0.037599840334483554,0.6997095687048775,True,False,False,False
2025-04-03,0.6416019797325134,0.6562399864196777,0.6152229905128479,0.6500589847564697,873870076,25.0,35.07102277973678,0.03776562639645168,0.6948911377361843,True,False,False,False
2025-04-04,0.6500629782676697,0.6685310006141663,0.6296859979629517,0.6604490280151367,934938981,28.0,40.02590535654203,0.03880119749477932,0.6917005692209516,True,False,False,False
2025-04-05,0.6604359745979309,0.6664019823074341,0.6457549929618835,0.6546710133552551,403628594,30.0,39.74157092527546,0.03912719658442906,0.6883955683026995,True,False,False,False
2025-04-06,0.6546710133552551,0.6547629833221436,0.5617870092391968,0.5727930068969727,943427756,34.0,27.12518088353943,0.044203264372689385,0.678630211523601,True,False,False,False
2025-04-07,0.5728030204772949,0.5966190099716187,0.5162259936332703,0.5854309797286987,1985606963,23.0,24.901364261499666,0.04728241051946368,0.6682327815464565,True,False,False,False
2025-04-08,0.5854349732398987,0.616657018661499,0.5544250011444092,0.5578879714012146,1249643862,24.0,19.12323650424905,0.048648485115596225,0.6548533524785723,True,False,False,False
2025-04-09,0.557869017124176,0.6438260078430176,0.5380139946937561,0.631676971912384,1648147581,18.0,36.61218834363468,0.052574340786252706,0.6479687094688416,True,False,False,False
2025-04-10,0.6316940188407898,0.6323840022087097,0.588096022605896,0.609387993812561,921990046,39.0,32.78769468376993,0.054249341998781474,0.6388055682182312,True,False,False,False
2025-04-11,0.6093950271606445,0.6366549730300903,0.60663902759552,0.6241670250892639,837897601,25.0,38.54746588430717,0.0525233404976981,0.6329924251352038,True,False,False,False
2025-04-12,0.6241660118103027,0.665910005569458,0.617717981338501,0.6588519811630249,676334951,43.0,47.8973977539355,0.052394130400248935,0.6319159950528827,True,False,False,False
2025-04-13,0.6588550209999084,0.6663169860839844,0.6318590044975281,0.6380749940872192,664262311,45.0,46.907457549099085,0.05238234571048191,0.6302993510450635,True,False,False,False
2025-04-14,0.6380720138549805,0.6556959748268127,0.630066990852356,0.6348739862442017,702462762,31.0,46.39336954894974,0.05189070531300136,0.6284012794494629,True,False,False,False
2025-04-15,0.6348749995231628,0.6474990248680115,0.6077629923820496,0.6091629862785339,729833314,38.0,40.93767059321209,0.052335138831819804,0.6235089940684182,True,False,False,False
2025-04-16,0.6091629862785339,0.6225619912147522,0.5973309874534607,0.610418975353241,660642294,29.0,45.45075391278503,0.04924799714769636,0.6212789927210126,True,False,False,False
2025-04-17,0.610418975353241,0.6292309761047363,0.6097490191459656,0.6163049936294556,459522026,30.0,45.04492223046662,0.04770978007997785,0.6188679933547974,True,False,False,False
2025-04-18,0.6163049936294556,0.6313210129737854,0.6111559867858887,0.6274449825286865,385441968,33.0,45.165658500878834,0.04637549604688372,0.6165105615343366,True,False,False,False
2025-04-19,0.6274449825286865,0.634082019329071,0.6197729706764221,0.6279540061950684,343946478,32.0,46.02521272046854,0.04592278599739075,0.6146022038800376,True,False,False,False
2025-04-20,0.6279469728469849,0.6339120268821716,0.6105179786682129,0.6197819709777832,366085065,37.0,58.95454303824556,0.04095264843532017,0.6179585584572383,False,False,True,False
2025-04-21,0.6197819709777832,0.6492059826850891,0.6176490187644958,0.6239399909973145,657464744,39.0,57.583647678261045,0.03746435897690909,0.6207092021192823,False,False,True,False
2025-04-22,0.6239359974861145,0.6838780045509338,0.6183760166168213,0.680404007434845,857733017,47.0,71.6600215896508,0.03769792829241071,0.6294603475502559,False,False,True,False
2025-04-23,0.680387020111084,0.7152690291404724,0.6784219741821289,0.6975659728050232,971202640,72.0,64.56503098169031,0.03277185985020229,0.634166704756873,False,False,True,False
2025-04-24,0.6975669860839844,0.7390909790992737,0.6714910268783569,0.72182697057724,1033424969,63.0,74.64026686123775,0.03443700075149536,0.6421980602400643,False,False,True,False
2025-04-25,0.7219780087471008,0.7277060151100159,0.7033529877662659,0.7141410112380981,957571529,60.0,70.34984719209578,0.034032506602151055,0.6486247735364097,False,False,True,False
2025-04-26,0.7141150236129761,0.7331420183181763,0.7023699879646301,0.7075210213661194,660103423,65.0,62.608363729685706,0.032788221325193136,0.6521011335509164,False,False,True,False
2025-04-27,0.7075129747390747,0.7170320153236389,0.6924610137939453,0.7039750218391418,573620571,61.0,68.74588202979689,0.032082008463995795,0.6568082783903394,False,False,True,False
2025-04-28,0.7039790153503418,0.7281910181045532,0.6843479871749878,0.7054799795150757,895129397,54.0,70.2802250291901,0.03338301181793213,0.6618515636239733,False,False,True,False
2025-04-29,0.7054799795150757,0.7176340222358704,0.6903160214424133,0.6963300108909607,839231770,60.0,77.66944845765369,0.03249600955418178,0.6680777796677181,False,False,True,False
2025-04-30,0.6963300108909607,0.702830970287323,0.6668940186500549,0.6819300055503845,664786586,56.0,70.95144493084966,0.03326072011675153,0.6731857103960854,False,False,True,False
2025-05-01,0.6819350123405457,0.7138029932975769,0.6818259954452515,0.7054340243339539,602107137,53.0,73.66966119332156,0.03415322303771973,0.679552069732121,False,False,True,False
2025-05-02,0.7054349780082703,0.7243419885635376,0.6900730133056641,0.6980419754981995,690154754,67.0,69.1289690211161,0.035160647971289496,0.6845947120870862,False,False,True,False
2025-05-03,0.6980419754981995,0.7283570170402527,0.6927149891853333,0.701026976108551,778920755,65.0,69.53770658275917,0.036684432200023105,0.6898142099380493,False,False,True,False
2025-05-04,0.701026976108551,0.713371992111206,0.6733899712562561,0.676692008972168,704179966,64.0,64.00566568248708,0.03786928738866534,0.693879212651934,False,False,True,False
2025-05-05,0.676692008972168,0.6897919774055481,0.6559979915618896,0.6629760265350342,699151297,52.0,59.17519672463706,0.03802907466888428,0.6966675009046283,False,False,True,False
2025-05-06,0.6629760265350342,0.6799700260162354,0.6446290016174316,0.6783819794654846,592765534,59.0,49.41106375177597,0.03587472013064793,0.6965230703353882,False,False,True,False
2025-05-07,0.678367018699646,0.6878399848937988,0.6565380096435547,0.6711859703063965,615619795,67.0,41.84301194253987,0.035478643008640835,0.6946387844426292,False,False,True,False
2025-05-08,0.6712080240249634,0.7683410048484802,0.6707760095596313,0.7666040062904358,1352507618,65.0,59.61462852251657,0.03761900322777884,0.6978371441364288,False,False,True,False
2025-05-09,0.7667409777641296,0.8161730170249939,0.7558590173721313,0.7777109742164612,1495123581,73.0,63.45225761386074,0.040187644107001166,0.7023778557777405,False,False,True,False
2025-05-10,0.7777130007743835,0.8414779901504517,0.7730349898338318,0.8412730097770691,1434324472,70.0,72.80729463956119,0.04287842767579215,0.7119315692356655,False,False,True,False
2025-05-11,0.8412569761276245,0.8435559868812561,0.7842689752578735,0.8049889802932739,1092674369,70.0,65.49484054805703,0.04535814268248422,0.7191468519823891,False,False,True,False
2025-05-12,0.8049899935722351,0.8608250021934509,0.7872480154037476,0.8176379799842834,2013365721,70.0,66.63551796808405,0.04748199667249407,0.7271581377301898,False,False,True,False
2025-05-13,0.8176349997520447,0.8407639861106873,0.7742679715156555,0.8315600156784058,1325631679,70.0,69.77763419436309,0.05028042622974941,0.7368174237864358,False,False,True,False
2025-05-14,0.8315790295600891,0.8317170143127441,0.7907559871673584,0.7995200157165527,1149087779,73.0,66.35392898063708,0.050639288766043525,0.7452167102268764,False,False,True,False
2025-05-15,0.7995269894599915,0.8096849918365479,0.7468500137329102,0.7612429857254028,1282600970,70.0,57.455328257899595,0.05284343021256583,0.7492030646119799,False,False,True,False
2025-05-16,0.7612730264663696,0.784978985786438,0.752905011177063,0.7592679858207703,761962011,71.0,58.29908513106098,0.052686644451958795,0.7535763510635921,False,False,True,False
2025-05-17,0.7592679858207703,0.7802760004997253,0.7294650077819824,0.7423850297927856,974561722,74.0,55.40246799386154,0.05377014194216047,0.7565304977553231,False,False,True,False
2025-05-18,0.7423850297927856,0.7752469778060913,0.7246180176734924,0.7606260180473328,940509064,74.0,61.141405869856754,0.05453063760484968,0.7625257841178349,False,False,True,False
2025-05-19,0.7605990171432495,0.7632330060005188,0.7120149731636047,0.7430629730224609,870207859,74.0,60.52327040320996,0.05577521239008222,0.7682462802955082,False,False,True,False
2025-05-20,0.7430629730224609,0.7524899840354919,0.7238219976425171,0.7457290291786194,718031523,71.0,59.15580860686331,0.055298566818237305,0.7730567838464465,False,False,True,False
2025-05-21,0.7457219958305359,0.782069981098175,0.7394649982452393,0.7707189917564392,1107919947,70.0,62.90701788910066,0.05610592450414385,0.7801662853785923,False,False,True,False
2025-05-22,0.7707229852676392,0.8098549842834473,0.769894003868103,0.8081380128860474,1060144223,72.0,56.33955736411244,0.05199135201317923,0.7831330001354218,False,False,True,False
2025-05-23,0.8081560134887695,0.8396180272102356,0.745015025138855,0.7463799715042114,1438828552,78.0,45.85819885896333,0.05444056647164481,0.780895071370261,False,False,True,False
2025-05-24,0.7463849782943726,0.765932023525238,0.7427840232849121,0.7471920251846313,606044855,66.0,35.089194638138196,0.0512052093233381,0.7741750010422298,False,False,True,False
2025-05-25,0.7471920251846313,0.7600029706954956,0.7299140095710754,0.7599830031394958,665579932,74.0,42.29313197440554,0.04911963428769793,0.7709602883883885,False,False,True,False
2025-05-26,0.7599830031394958,0.7756810188293457,0.7529550194740295,0.7595549821853638,648219927,73.0,39.619330755541334,0.04548742089952741,0.7668115028313228,False,False,True,False
2025-05-27,0.7595549821853638,0.7749689817428589,0.7456949949264526,0.7586830258369446,707175899,74.0,36.338046236013426,0.04282870462962559,0.7616060035569328,False,False,True,False
2025-05-28,0.7586830258369446,0.7603399753570557,0.7334709763526917,0.7468940019607544,597350861,71.0,39.32379874930532,0.04182213119098118,0.7578470025743756,False,False,True,False
2025-05-29,0.7468940019607544,0.7644929885864258,0.7220939993858337,0.7223420143127441,722295527,74.0,41.6427938128119,0.040362417697906494,0.7550683617591858,False,False,True,False
2025-05-30,0.7223420143127441,0.727092981338501,0.6871060132980347,0.6893270015716553,1028958874,60.0,36.742508551051756,0.04092763151441302,0.7500725771699633,False,False,True,False
2025-05-31,0.689329981803894,0.6946390271186829,0.6580939888954163,0.6860740184783936,812725496,50.0,38.74451189785756,0.03990863476480756,0.7460503620760781,True,False,False,False
2025-06-01,0.686087429523468,0.686087429523468,0.6678261160850525,0.6682794094085693,548067136,56.0,31.508692228351293,0.037596660000937324,0.7394541757447379,True,False,False,False
